name,email
SXSW Inc,contactus@sxsw.com
iHeartRadio,contactus@iheartradio.com
LiveNation,help@livenation.com
AEG Live,events@aeglive.com
Classical Movements,info@classicalmovements.com
Peter Shapiro,peter@shapiro.com
Roc Nation,contactus@rocnation.com
SFX Entertainment,info@sfxii.com
Stageco,info.us@stageco.com
Insomniac Events,info@insomniac.com
SM Global Union,support@24hourhiphop.com
Apple,help@apple.com
Superfly Presents,info@superflymarketinggroup.com
AC Entertainment,info@acentertainment.com
Americana Music Association,info@americanamusic.org
Goldenvoice,info@goldenvoice.com
Vans,vanscustserv@vfc.com
Virgin Group,info@virgin.com
Michael Lang,michael@lang.com
MusicHouse,info@mhouse.com